rider_id,rider_name,disease_category,coverage_type,medical_concept,coverage_group,contract_variant,priority_display
R001,뇌경색증특정혈전제거수술특약(갱신형),뇌,치료,혈전제거술,G_BRAIN_THROMBECTOMY,갱신형,1
R002,뇌경색증특정혈전제거수술특약 LH(무해약환급금형),뇌,치료,혈전제거술,G_BRAIN_THROMBECTOMY,LH/무해약환급금형,1
R003,급성심근경색증특정혈전제거수술특약 LH(무해약환급금형),심장,치료,혈전제거술,G_AMI_THROMBECTOMY,LH/무해약환급금형,1
R004,혈전용해치료보장특약(갱신형)Ⅱ,뇌·심장,치료,혈전용해치료,G_THROMBOLYSIS,갱신형,1
R005,순환계질환주요치료특약(각연간 1회한)(갱신형),순환계,주요치료,수술·혈전제거·혈전용해,G_CIRC_MAJOR_TX,갱신형,1
R006,순환계질환주요치료특약 LH(각연간 1회한)(무해약환급금형),순환계,주요치료,수술·혈전제거·혈전용해,G_CIRC_MAJOR_TX,LH/무해약환급금형,1
R007,심장질환수술보장특약(갱신형),심장,수술,심장질환 수술,G_HEART_SURGERY,갱신형,1
R008,심장질환수술보장특약 LH(무해약환급금형),심장,수술,심장질환 수술,G_HEART_SURGERY,LH/무해약환급금형,1
R009,심장부정맥고주파·냉각절제수술특약(갱신형),심장,수술,고주파·냉각절제술,G_ARRHYTHMIA_ABLATION,갱신형,1
R010,특정스텐트삽입수술특약(갱신형),심장·순환계,수술,스텐트삽입술,G_STENT,갱신형,1
R011,특정스텐트삽입수술특약 LH(무해약환급금형),심장·순환계,수술,스텐트삽입술,G_STENT,LH/무해약환급금형,1
R012,특정뇌동맥질환혈관색전수술특약(갱신형),뇌,수술,혈관색전술,G_BRAIN_EMBOLIZATION,갱신형,1
R013,특정뇌동맥질환혈관색전수술특약 LH(무해약환급금형),뇌,수술,혈관색전술,G_BRAIN_EMBOLIZATION,LH/무해약환급금형,1
R014,"암주요치료특약(기타피부암,갑상선암제외)(연간 1회한, 최대 10회)(갱신형)",암,주요치료,암 주요치료,G_CANCER_MAJOR_TX,갱신형,1
R015,"암주요치료특약 LH(기타피부암,갑상선암제외)(연간 1회한, 최대 10회)(무해약환급금형)",암,주요치료,암 주요치료,G_CANCER_MAJOR_TX,LH/무해약환급금형,1
R016,"비급여암주요치료특약(전액본인부담포함)(연간 1회한,최대 10회)(갱신형)",암,주요치료,비급여 암 주요치료,G_CANCER_NONCOVERED_MAJOR,갱신형,1
R017,"비급여항암약물치료특약(전액본인부담포함)(연간 1회한,최대 10회)(갱신형)",암,치료,비급여 항암약물치료,G_CANCER_DRUG_NONCOVERED,갱신형,1
R018,표적항암약물허가치료특약(갱신형) 2형,암,치료,표적항암약물치료,G_TARGETED_DRUG,갱신형,1
R019,비급여표적항암약물허가치료특약(갱신형),암,치료,비급여 표적항암약물치료,G_TARGETED_DRUG_NONCOVERED,갱신형,1
R020,카티(CAR-T)항암약물허가치료특약(갱신형),암,치료,CAR-T 치료,G_CART,갱신형,1
R021,항암세기조절방사선치료특약(갱신형),암,치료,세기조절방사선치료,G_IMRT,갱신형,1
R022,항암양성자방사선치료특약(갱신형),암,치료,양성자방사선치료,G_PROTON,갱신형,1
R023,항암중입자방사선치료특약(갱신형),암,치료,중입자방사선치료,G_CARBON,갱신형,1
R024,항암중입자방사선치료특약 LH,암,치료,중입자방사선치료,G_CARBON,LH,1
R025,항암정위적방사선치료특약(갱신형),암,치료,정위적방사선치료,G_SBRT,갱신형,1
R026,특정표적방사선허가치료특약(갱신형),암,치료,특정표적방사선치료,G_TARGET_RAD,갱신형,1
R027,암다빈치로봇수술특약(갱신형) 2형,암,수술,다빈치 로봇수술,G_DAVINCI,갱신형,1
R028,암다빈치로봇수술특약(갑상선암/전립선암제외)(갱신형) 2형,암,수술,다빈치 로봇수술,G_DAVINCI_EXCL,갱신형,1
R029,특정순환계질환주사치료특약(연간 1회한)(갱신형),순환계,치료,주사치료,G_CIRC_INJECTION,갱신형,1
R030,특정순환계질환경구약물치료특약(연간 1회한)(갱신형),순환계,치료,경구약물치료,G_CIRC_ORAL,갱신형,1
